--
-- PostgreSQL database dump
--

\restrict ER5ZRxsjn3igoPxi6bx9ANy31c5pZnzBKVbUAjgJh3RYOwfQXmqVp3u9GvSmG4A

-- Dumped from database version 15.17
-- Dumped by pg_dump version 15.17

SET statement_timeout = 0;
SET lock_timeout = 0;
SET idle_in_transaction_session_timeout = 0;
SET client_encoding = 'UTF8';
SET standard_conforming_strings = on;
SELECT pg_catalog.set_config('search_path', '', false);
SET check_function_bodies = false;
SET xmloption = content;
SET client_min_messages = warning;
SET row_security = off;

SET default_tablespace = '';

SET default_table_access_method = heap;

--
-- Name: customers; Type: TABLE; Schema: public; Owner: postgres
--

CREATE TABLE public.customers (
    customer_id text NOT NULL,
    name text
);


ALTER TABLE public.customers OWNER TO postgres;

--
-- Name: deliveries; Type: TABLE; Schema: public; Owner: postgres
--

CREATE TABLE public.deliveries (
    delivery_id text NOT NULL,
    sales_order_id text
);


ALTER TABLE public.deliveries OWNER TO postgres;

--
-- Name: invoices; Type: TABLE; Schema: public; Owner: postgres
--

CREATE TABLE public.invoices (
    invoice_id text NOT NULL,
    delivery_id text,
    amount numeric
);


ALTER TABLE public.invoices OWNER TO postgres;

--
-- Name: payments; Type: TABLE; Schema: public; Owner: postgres
--

CREATE TABLE public.payments (
    payment_id text NOT NULL,
    customer_id text,
    amount numeric
);


ALTER TABLE public.payments OWNER TO postgres;

--
-- Name: sales_orders; Type: TABLE; Schema: public; Owner: postgres
--

CREATE TABLE public.sales_orders (
    sales_order_id text NOT NULL,
    customer_id text,
    amount numeric,
    created_at timestamp without time zone,
    status character varying(50) DEFAULT 'Pending'::character varying
);


ALTER TABLE public.sales_orders OWNER TO postgres;

--
-- Data for Name: customers; Type: TABLE DATA; Schema: public; Owner: postgres
--

COPY public.customers (customer_id, name) FROM stdin;
310000108	Cardenas, Parker and Avila
310000109	Bradley-Kelley
320000082	Nguyen-Davis
320000083	Nelson, Fitzpatrick and Jordan
320000085	Hawkins Ltd
320000088	Flores-Simmons
320000107	Henderson, Garner and Graves
320000108	Melton Group
\.


--
-- Data for Name: deliveries; Type: TABLE DATA; Schema: public; Owner: postgres
--

COPY public.deliveries (delivery_id, sales_order_id) FROM stdin;
80738076	740556
80738077	740557
80738078	740558
80738079	740559
80738080	740560
80738081	740561
80738082	740562
80738083	740563
80738084	740564
80738085	740565
80738086	740566
80738087	740567
80738088	740568
80738089	740569
80738090	740570
80738091	740571
80738092	740572
80738093	740573
80738094	740574
80738095	740575
80738096	740576
80738097	740577
80738098	740578
80738099	740579
80738100	740580
80738101	740581
80738102	740582
80738103	740583
80738104	740586
80738105	740587
80738106	740590
80738107	740592
80738108	740595
80738109	740598
80738110	740601
80738111	740604
80737721	740506
80737722	740507
80737723	740508
80737921	740545
80737922	740546
80738040	740509
80738041	740510
80738042	740511
80738043	740512
80738044	740513
80738045	740514
80738046	740515
80738047	740516
80738048	740517
80738049	740518
80738050	740519
80738051	740520
80738052	740521
80738053	740522
80738054	740523
80738055	740524
80738056	740525
80738057	740526
80738058	740527
80738059	740528
80738060	740529
80738061	740530
80738062	740531
80738063	740534
80738064	740536
80738065	740538
80738066	740540
80738067	740547
80738068	740548
80738069	740549
80738070	740550
80738071	740551
80738072	740552
80738073	740553
80738074	740554
80738075	740555
80754574	740532
80754575	740543
80754576	740544
80754601	740533
80754602	740535
80754603	740537
80754604	740539
80754605	740541
80754606	740542
\.


--
-- Data for Name: invoices; Type: TABLE DATA; Schema: public; Owner: postgres
--

COPY public.invoices (invoice_id, delivery_id, amount) FROM stdin;
90504298	80738109	533.05
90678703	80754606	305.9
90678698	80754601	382.9
90504301	80738111	1091.53
90678702	80754605	299
90628266	80754576	287.9
90628265	80754575	245.9
90678700	80754603	245.9
90678699	80754602	179
90678696	80754574	167
90504279	80738094	0
91150083	80754606	305.9
91150084	80754605	299
91150085	80754604	254
91150086	80754603	245.9
91150087	80754602	179
91150088	80754601	382.9
91150090	80754574	167
91150147	80738111	1091.53
91150148	80738110	464.41
91150149	80738109	533.05
91150150	80738108	215.25
91150151	80738107	634.75
91150152	80738106	464.41
91150153	80738105	464.41
91150154	80738104	422.03
91150155	80738103	216.1
91150156	80738102	216.1
91150157	80738101	205.93
91150158	80738100	464.41
91150159	80738099	464.41
91150160	80738098	464.41
91150161	80738097	464.41
91150162	80738096	473.73
91150163	80738095	215.25
91150164	80738094	327.97
91150165	80738093	401.74
91150166	80738092	215.25
91150167	80738091	253.39
91150168	80738090	422.03
91150169	80738089	422.03
91150170	80738088	455.93
91150171	80738087	191.53
91150172	80738086	337.29
90504248	80738072	216.1
90504267	80738086	337.29
90504269	80738087	191.53
90504270	80738088	455.93
90504272	80738089	422.03
90504273	80738090	422.03
90504274	80738091	253.39
90504276	80738092	215.25
90504277	80738093	401.74
90504280	80738095	215.25
90504281	80738096	473.73
90504283	80738097	464.41
90504284	80738098	464.41
90504285	80738099	464.41
90504286	80738100	464.41
90504288	80738101	205.93
90504289	80738102	216.1
90504290	80738103	216.1
90504292	80738104	422.03
90504293	80738105	464.41
90504295	80738106	464.41
90504296	80738107	634.75
90504297	80738108	215.25
90504300	80738110	464.41
90678701	80754604	254
90504204	80738040	229.66
90504206	80738041	221.19
90504207	80738042	250
90504208	80738043	249.15
90504210	80738044	363.56
90504211	80738045	363.56
90504212	80738046	363.56
90504215	80738048	363.56
90504217	80738049	363.56
90504218	80738050	329.66
90504219	80738051	253.39
90504221	80738052	363.56
90504222	80738053	329.66
90504223	80738054	363.56
90504225	80738055	253.39
90504226	80738056	215.25
90504227	80738057	185.59
90504228	80738058	208.52
90504230	80738059	253.39
90504231	80738060	216.1
90504232	80738061	179.66
90504234	80738062	215.25
90504237	80738064	168.64
90504238	80738065	287.29
90504239	80738066	253.39
90504241	80738067	180.34
90504242	80738068	151.69
90504243	80738069	0
90504245	80738070	329.66
90504246	80738071	221.19
90504249	80738073	320.42
90504250	80738074	422.88
90504252	80738075	0
90504253	80738076	0
90504255	80738077	0
90504256	80738078	179.66
90504257	80738079	375.42
90504259	80738080	253.39
90504260	80738081	422.03
90504262	80738082	240.72
90504265	80738084	0
90504266	80738085	422.03
90504376	80737922	221.19
90504406	80737921	179.66
90504214	80738047	272.88
90504263	80738083	481.44
90504235	80738063	310.76
91150174	80738084	761.86
91150188	80738069	1301.82
91150106	80737921	179.66
91150114	80737922	221.19
91150173	80738085	422.03
91150175	80738083	481.44
91150176	80738082	240.72
91150177	80738081	422.03
91150178	80738080	253.39
91150179	80738079	375.42
91150180	80738078	179.66
91150181	80738077	439.83
91150182	80738076	439.83
91150183	80738075	429.66
91150184	80738074	422.88
91150185	80738073	320.42
91150186	80738071	221.19
91150187	80738070	329.66
91150189	80738068	151.69
91150190	80738067	180.34
91150191	80738066	253.39
91150192	80738065	287.29
91150193	80738064	168.64
91150194	80738063	310.76
91150195	80738062	215.25
91150196	80738061	179.66
91150197	80738060	216.1
91150198	80738059	253.39
91150199	80738058	208.52
91150200	80738057	185.59
91150201	80738056	215.25
91150202	80738055	253.39
91150203	80738054	363.56
91150204	80738053	329.66
91150205	80738052	363.56
91150206	80738051	253.39
91150207	80738050	329.66
91150208	80738049	363.56
91150209	80738048	363.56
91150210	80738047	272.88
91150211	80738046	363.56
91150212	80738045	363.56
91150213	80738044	363.56
91150214	80738043	249.15
91150215	80738042	250
91150216	80738041	221.19
91150217	80738040	229.66
\.


--
-- Data for Name: payments; Type: TABLE DATA; Schema: public; Owner: postgres
--

COPY public.payments (payment_id, customer_id, amount) FROM stdin;
9400000220	320000083	897.03
9400000226	320000083	897
9400000231	320000083	897.03
9400000238	320000083	597
9400000239	320000083	1017.03
9400000240	320000083	897.03
9400000243	320000083	536.97
9400000246	320000083	1167
9400000247	320000083	783.03
9400000268	320000083	1194.03
9400000270	320000083	678.03
9400000271	320000083	1614
9400000272	320000083	1494
9400000274	320000083	1493.97
9400000275	320000083	897.03
9400000277	320000083	761.97
9400000281	320000083	761.97
9400000284	320000083	1644.03
9400000285	320000083	1644.03
9400000286	320000083	1644.03
9400000287	320000083	1644.03
9400000289	320000083	729
9400000290	320000083	765
9400000291	320000083	765
9400000293	320000083	1494
9400000294	320000083	1644.03
9400000296	320000083	1644.03
9400000298	320000083	761.97
9400000299	320000083	1886.97
9400000301	320000083	1644.03
9400172473	320000082	591.18
9400172475	320000082	1355.46
9400172476	320000082	633.66
9400172477	320000082	870.48
9400172478	320000082	899.16
9400172479	320000082	1058.46
9400172480	320000082	2088.42
9400635986	320000083	-885
9400635987	320000083	-783.03
9400635988	320000083	-813
9400000205	320000083	813
9400000206	320000083	783.03
9400000208	320000083	885
9400000209	320000083	882
9400000211	320000083	1287
9400000212	320000083	1287
9400000213	320000083	1287
9400000216	320000083	1287
9400000218	320000083	1287
9400000219	320000083	1167
9400000222	320000083	1287
9400000223	320000083	1167
9400000224	320000083	1287
9400000227	320000083	761.97
9400000228	320000083	657
9400000229	320000083	1590.3
9400000232	320000083	765
9400000233	320000083	636
9400000235	320000083	761.97
9400000241	320000083	638.4
9400000244	320000083	7199.1
9400000250	320000083	1986.42
9400000278	320000083	2983.95
9400000280	320000083	1161.03
9400000282	320000083	1677.03
9400000297	320000083	2247.03
9400000302	320000083	3864.03
9400635854	320000082	-2088.42
9400635855	320000082	-1058.46
9400635856	320000082	-899.16
9400635857	320000082	-870.48
9400635858	320000082	-633.66
9400635859	320000082	-1355.46
9400635861	320000082	-591.18
9400635918	320000083	-3864.03
9400635919	320000083	-1644.03
9400635920	320000083	-1886.97
9400635921	320000083	-761.97
9400635922	320000083	-2247.03
9400635923	320000083	-1644.03
9400635946	320000083	-1704.3
9400635947	320000083	-2986.77
9400635948	320000083	-1493.97
9400635949	320000083	-897.03
9400635950	320000083	-1329
9400635951	320000083	-636
9400635952	320000083	-1556.97
9400635953	320000083	-1556.97
9400635954	320000083	-1521
9400635955	320000083	-1497
9400635956	320000083	-1986.42
9400635957	320000083	-783.03
9400635958	320000083	-1167
9400635959	320000083	-7199.1
9400635960	320000083	-536.97
9400635961	320000083	-638.4
9400635962	320000083	-897.03
9400635963	320000083	-1017.03
9400635964	320000083	-597
9400635965	320000083	-1100.1
9400635966	320000083	-761.97
9400635967	320000083	-636
9400635968	320000083	-765
9400635969	320000083	-897.03
9400635970	320000083	-1590.3
9400635971	320000083	-657
9400635972	320000083	-761.97
9400635973	320000083	-897
9400635974	320000083	-1287
9400635975	320000083	-1167
9400635976	320000083	-1287
9400635977	320000083	-897.03
9400635978	320000083	-1167
9400635979	320000083	-1287
9400635980	320000083	-1287
9400635981	320000083	-966
9400635982	320000083	-1287
9400635983	320000083	-1287
9400635984	320000083	-1287
9400635985	320000083	-882
\.


--
-- Data for Name: sales_orders; Type: TABLE DATA; Schema: public; Owner: postgres
--

COPY public.sales_orders (sales_order_id, customer_id, amount, created_at, status) FROM stdin;
740508	310000109	883.88	2025-03-31 00:00:00	In Transit
740506	310000108	17108.25	2025-03-31 00:00:00	Shipped
740510	320000083	221.19	2025-04-02 00:00:00	Delivered
740507	310000109	19021.27	2025-03-31 00:00:00	Processing
740509	320000083	229.66	2025-04-02 00:00:00	Processing
740511	320000083	250	2025-04-02 00:00:00	Processing
740512	320000083	249.15	2025-04-02 00:00:00	Processing
740513	320000083	363.56	2025-04-02 00:00:00	Processing
740514	320000083	363.56	2025-04-02 00:00:00	Processing
740515	320000083	363.56	2025-04-02 00:00:00	Processing
740516	320000083	272.88	2025-04-02 00:00:00	Processing
740517	320000083	363.56	2025-04-02 00:00:00	Processing
740518	320000083	363.56	2025-04-02 00:00:00	Processing
740519	320000083	329.66	2025-04-02 00:00:00	Processing
740520	320000083	253.39	2025-04-02 00:00:00	Processing
740521	320000083	363.56	2025-04-02 00:00:00	Processing
740522	320000083	329.66	2025-04-02 00:00:00	Processing
740523	320000083	363.56	2025-04-02 00:00:00	Processing
740524	320000083	253.39	2025-04-02 00:00:00	Processing
740525	320000083	215.25	2025-04-02 00:00:00	Processing
740526	320000083	185.59	2025-04-02 00:00:00	Processing
740527	320000083	449.24	2025-04-02 00:00:00	Processing
740528	320000083	253.39	2025-04-02 00:00:00	Processing
740529	320000083	216.1	2025-04-02 00:00:00	Processing
740530	320000083	179.66	2025-04-02 00:00:00	Processing
740531	320000083	215.25	2025-04-02 00:00:00	Processing
740532	320000082	167	2025-04-02 00:00:00	Processing
740533	320000082	382.9	2025-04-02 00:00:00	Processing
740534	320000083	310.76	2025-04-02 00:00:00	Processing
740535	320000082	179	2025-04-02 00:00:00	Processing
740536	320000083	168.64	2025-04-02 00:00:00	Processing
740537	320000082	245.9	2025-04-02 00:00:00	Processing
740538	320000083	287.29	2025-04-02 00:00:00	Processing
740539	320000082	254	2025-04-02 00:00:00	Processing
740540	320000083	253.39	2025-04-02 00:00:00	Processing
740541	320000082	299	2025-04-02 00:00:00	Processing
740542	320000082	589.95	2025-04-02 00:00:00	Processing
740543	320000082	245.9	2025-04-02 00:00:00	Processing
740544	320000082	287.9	2025-04-02 00:00:00	Processing
740545	320000088	179.66	2025-04-02 00:00:00	Processing
740546	320000085	221.19	2025-04-02 00:00:00	Processing
740547	320000083	180.34	2025-04-02 00:00:00	Processing
740548	320000083	151.69	2025-04-02 00:00:00	Processing
740549	320000083	2033.65	2025-04-02 00:00:00	Processing
740550	320000083	329.66	2025-04-02 00:00:00	Processing
740551	320000083	221.19	2025-04-02 00:00:00	Processing
740552	320000083	216.1	2025-04-02 00:00:00	Processing
740553	320000083	561.14	2025-04-02 00:00:00	Processing
740554	320000083	422.88	2025-04-02 00:00:00	Processing
740555	320000083	429.66	2025-04-02 00:00:00	Processing
740556	320000083	439.83	2025-04-02 00:00:00	Processing
740557	320000083	439.83	2025-04-02 00:00:00	Processing
740558	320000083	179.66	2025-04-02 00:00:00	Processing
740559	320000083	375.42	2025-04-02 00:00:00	Processing
740560	320000083	253.39	2025-04-02 00:00:00	Processing
740561	320000083	422.03	2025-04-02 00:00:00	Processing
740562	320000083	843.73	2025-04-02 00:00:00	Processing
740563	320000083	481.44	2025-04-02 00:00:00	Processing
740564	320000083	761.86	2025-04-02 00:00:00	Processing
740565	320000083	422.03	2025-04-02 00:00:00	Processing
740566	320000083	337.29	2025-04-02 00:00:00	Processing
740567	320000083	191.53	2025-04-02 00:00:00	Processing
740568	320000083	455.93	2025-04-02 00:00:00	Processing
740569	320000083	422.03	2025-04-02 00:00:00	Processing
740570	320000083	422.03	2025-04-02 00:00:00	Processing
740571	320000083	253.39	2025-04-02 00:00:00	Processing
740572	320000083	215.25	2025-04-02 00:00:00	Processing
740573	320000083	842.93	2025-04-02 00:00:00	Processing
740574	320000083	327.97	2025-04-02 00:00:00	Processing
740575	320000083	215.25	2025-04-02 00:00:00	Processing
740576	320000083	473.73	2025-04-02 00:00:00	Processing
740577	320000083	464.41	2025-04-02 00:00:00	Processing
740578	320000083	464.41	2025-04-02 00:00:00	Processing
740579	320000083	464.41	2025-04-02 00:00:00	Processing
740580	320000083	464.41	2025-04-02 00:00:00	Processing
740581	320000083	205.93	2025-04-02 00:00:00	Processing
740582	320000083	216.1	2025-04-02 00:00:00	Processing
740583	320000083	216.1	2025-04-02 00:00:00	Processing
740584	320000108	150.85	2025-04-02 00:00:00	Processing
740585	320000107	177.97	2025-04-02 00:00:00	Processing
740586	320000083	422.03	2025-04-02 00:00:00	Processing
740587	320000083	464.41	2025-04-02 00:00:00	Processing
740588	320000108	118.65	2025-04-02 00:00:00	Processing
740589	320000107	131.31	2025-04-02 00:00:00	Processing
740590	320000083	464.41	2025-04-02 00:00:00	Processing
740591	320000108	303.39	2025-04-02 00:00:00	Processing
740592	320000083	634.75	2025-04-02 00:00:00	Processing
740593	320000107	422.04	2025-04-02 00:00:00	Processing
740594	320000108	337.29	2025-04-02 00:00:00	Processing
740595	320000083	215.25	2025-04-02 00:00:00	Processing
740596	320000108	202.54	2025-04-02 00:00:00	Processing
740597	320000107	118.64	2025-04-02 00:00:00	Processing
740598	320000083	533.05	2025-04-02 00:00:00	Processing
740599	320000108	202.56	2025-04-02 00:00:00	Processing
740600	320000107	169.49	2025-04-02 00:00:00	Processing
740601	320000083	464.41	2025-04-02 00:00:00	Processing
740602	320000107	131.38	2025-04-02 00:00:00	Processing
740603	320000108	133.9	2025-04-02 00:00:00	Processing
740604	320000083	1091.53	2025-04-02 00:00:00	Processing
740605	320000107	435.57	2025-04-02 00:00:00	Processing
\.


--
-- Name: customers customers_pkey; Type: CONSTRAINT; Schema: public; Owner: postgres
--

ALTER TABLE ONLY public.customers
    ADD CONSTRAINT customers_pkey PRIMARY KEY (customer_id);


--
-- Name: deliveries deliveries_pkey; Type: CONSTRAINT; Schema: public; Owner: postgres
--

ALTER TABLE ONLY public.deliveries
    ADD CONSTRAINT deliveries_pkey PRIMARY KEY (delivery_id);


--
-- Name: invoices invoices_pkey; Type: CONSTRAINT; Schema: public; Owner: postgres
--

ALTER TABLE ONLY public.invoices
    ADD CONSTRAINT invoices_pkey PRIMARY KEY (invoice_id);


--
-- Name: payments payments_pkey; Type: CONSTRAINT; Schema: public; Owner: postgres
--

ALTER TABLE ONLY public.payments
    ADD CONSTRAINT payments_pkey PRIMARY KEY (payment_id);


--
-- Name: sales_orders sales_orders_pkey; Type: CONSTRAINT; Schema: public; Owner: postgres
--

ALTER TABLE ONLY public.sales_orders
    ADD CONSTRAINT sales_orders_pkey PRIMARY KEY (sales_order_id);


--
-- PostgreSQL database dump complete
--

\unrestrict ER5ZRxsjn3igoPxi6bx9ANy31c5pZnzBKVbUAjgJh3RYOwfQXmqVp3u9GvSmG4A

